{"cameraMode":{"drawMode":0,"name":"Shaded","section":"Shading Mode"},"sceneLighting":true,"audioPlay":false,"sceneViewState":{"m_AlwaysRefresh":false,"showFog":true,"showSkybox":true,"showFlares":true,"showImageEffects":true,"showParticleSystems":true,"showVisualEffectGraphs":true,"m_FxEnabled":true},"in2DMode":false,"pivot":{"x":-0.47333356738090517,"y":-20.376249313354493,"z":-4.063350200653076},"rotation":{"x":0.7019674777984619,"y":-0.006836879067122936,"z":0.0067389169707894329,"w":0.7121497988700867},"size":45.02994155883789,"orthographic":false}